Brand,Category,Parent Company,Key EMEA Countries,Store Locator/Regional Website,Store Count (EMEA)
Porsche,Automotive,Volkswagen Group,"Germany, UK, UAE, France, Italy, Spain, Switzerland, etc.",https://www.porsche.com/middle-east/_lebanon_/,Hundreds
Chanel,Fashion & Apparel,Chanel Ltd.,"France, UK, UAE, Italy, Germany, Switzerland, etc.",https://www.chanel.com/us/store-locator/,80+
Louis Vuitton,Fashion & Apparel,LVMH,"France, UK, UAE, Italy, Germany, Spain, Switzerland, South Africa, etc.",https://us.louisvuitton.com/eng-us/stores,N/A
Hermès,Fashion & Apparel,Hermès International S.A.,"France, UK, UAE, Italy, Germany, Switzerland, etc.",https://www.hermes.com/us/en/find-a-store/,190+
Rolex,Jewelry & Watches,Rolex SA,"UK, UAE, Switzerland, Germany, France, Italy, etc.",https://www.rolex.com/store-locator,N/A (Authorized Retailers)
Dior,Fashion & Apparel,LVMH,"France, UK, UAE, Italy, Germany, etc.",https://www.dior.com/en_us/fashion/boutiques,243
Cartier,Jewelry & Watches,Richemont,"France, UK, UAE, Switzerland, Italy, Germany, etc.",https://www.cartier.com/en-us/find-boutique.html,N/A
Ferrari,Automotive,Ferrari N.V.,"Italy, Germany, UK, UAE, Switzerland, etc.",https://www.ferrari.com/en-EN/auto/dealers,111+
Gucci,Fashion & Apparel,Kering,"Italy, France, UK, UAE, Germany, Spain, etc.",https://www.gucci.com/us/en/store,167+
Guerlain,Cosmetics & Fragrances,LVMH,"France, UK, UAE, Germany, etc.",https://www.guerlain.com/us/en-us/c/boutiques.html,N/A (Boutiques + Counters)
Prada,Fashion & Apparel,Prada Group,"Italy, France, UK, UAE, Germany, etc.",https://www.prada.com/us/en/stores.html,220
Burberry,Fashion & Apparel,Burberry Group plc,"UK, France, UAE, Germany, Italy, etc.",https://us.burberry.com/store-locator/,244
Giorgio Armani,Fashion & Apparel,Giorgio Armani S.p.A.,"Italy, France, UK, UAE, Germany, etc.",https://www.armani.com/en-us/experience/giorgio-armani/boutiques,N/A
Patek Philippe,Jewelry & Watches,Patek Philippe SA,"Switzerland, UK, UAE, Germany, France, etc.",https://www.patek.com/en/retail-network/authorized-retailers,N/A (Authorized Retailers)
Bottega Veneta,Fashion & Apparel,Kering,"Italy, France, UK, UAE, Germany, etc.",https://www.bottegaveneta.com/en-us/stores,N/A
Sandro,Fashion & Apparel,SMCP,"France, UK, UAE, Saudi Arabia, Qatar, etc.",https://us.sandro-paris.com/en/stores,1000+
Maje,Fashion & Apparel,SMCP,"France, UK, UAE, Saudi Arabia, Qatar, etc.",https://us.maje.com/en/stores.html,N/A (SMCP Group)
ba&sh,Fashion & Apparel,L Catterton,"France, UK, UAE, Saudi Arabia, Qatar, etc.",https://ba-sh.com/us/stores,120+
Reiss,Fashion & Apparel,Next plc,"UK, UAE, Saudi Arabia, etc.",https://www.reiss.com/us/en/stores,N/A
Massimo Dutti,Fashion & Apparel,Inditex,"Spain, UK, UAE, Saudi Arabia, South Africa, etc.",https://www.massimodutti.com/us/en/stores,N/A
Michael Kors,Fashion & Apparel,Capri Holdings,"UK, UAE, South Africa, etc.",https://www.michaelkors.com/stores,156
Nanushka,Fashion & Apparel,-,"Hungary, UK, etc.",https://www.nanushka.com/stores,2+
Bouguessa,Fashion & Apparel,-,UAE,https://bouguessa.com/,9
Palmeurah,Fashion & Apparel,-,UAE,https://palmeurah.com/,N/A